<?xml version="1.0" encoding="UTF-8"?>
<GenRun Id="impl_1" LaunchPart="xc7a35tcpg236-1" LaunchTime="1732742011">
  <File Type="ROUTE-PWR" Name="lab_5_top_level_students_power_routed.rpt"/>
  <File Type="PA-TCL" Name="lab_5_top_level_students.tcl"/>
  <File Type="ROUTE-PWR-SUM" Name="lab_5_top_level_students_power_summary_routed.pb"/>
  <File Type="REPORTS-TCL" Name="lab_5_top_level_students_reports.tcl"/>
  <File Type="BITSTR-MSK" Name="lab_5_top_level_students.msk"/>
  <File Type="ROUTE-CLK" Name="lab_5_top_level_students_clock_utilization_routed.rpt"/>
  <File Type="RDI-RDI" Name="lab_5_top_level_students.vdi"/>
  <File Type="POSTROUTE-PHYSOPT-BUS-SKEW-PB" Name="lab_5_top_level_students_bus_skew_postroute_physopted.pb"/>
  <File Type="BG-BIT" Name="lab_5_top_level_students.bit"/>
  <File Type="BG-DRC" Name="lab_5_top_level_students.drc"/>
  <File Type="BG-BGN" Name="lab_5_top_level_students.bgn"/>
  <File Type="BG-BIN" Name="lab_5_top_level_students.bin"/>
  <File Type="BITSTR-RBT" Name="lab_5_top_level_students.rbt"/>
  <File Type="BITSTR-NKY" Name="lab_5_top_level_students.nky"/>
  <File Type="BITSTR-BMM" Name="lab_5_top_level_students_bd.bmm"/>
  <File Type="BITSTR-MMI" Name="lab_5_top_level_students.mmi"/>
  <File Type="ROUTE-METHODOLOGY-DRC" Name="lab_5_top_level_students_methodology_drc_routed.rpt"/>
  <File Type="BITSTR-SYSDEF" Name="lab_5_top_level_students.sysdef"/>
  <File Type="ROUTE-METHODOLOGY-DRC-PB" Name="lab_5_top_level_students_methodology_drc_routed.pb"/>
  <File Type="BITSTR-LTX" Name="debug_nets.ltx"/>
  <File Type="BITSTR-LTX" Name="lab_5_top_level_students.ltx"/>
  <File Type="BOOT-PDI-FILE" Name="lab_5_top_level_students_boot.pdi"/>
  <File Type="WBT-USG" Name="usage_statistics_webtalk.html"/>
  <File Type="NPI_FILE" Name="lab_5_top_level_students.npi"/>
  <File Type="OPT-DRC" Name="lab_5_top_level_students_drc_opted.rpt"/>
  <File Type="RBD_FILE" Name="lab_5_top_level_students.rbd"/>
  <File Type="OPT-HWDEF" Name="lab_5_top_level_students.hwdef"/>
  <File Type="PLACE-IO" Name="lab_5_top_level_students_io_placed.rpt"/>
  <File Type="PLACE-UTIL" Name="lab_5_top_level_students_utilization_placed.rpt"/>
  <File Type="PLACE-UTIL-PB" Name="lab_5_top_level_students_utilization_placed.pb"/>
  <File Type="PLACE-CTRL" Name="lab_5_top_level_students_control_sets_placed.rpt"/>
  <File Type="PLACE-PRE-SIMILARITY" Name="lab_5_top_level_students_incremental_reuse_pre_placed.rpt"/>
  <File Type="ROUTE-DRC" Name="lab_5_top_level_students_drc_routed.rpt"/>
  <File Type="ROUTE-DRC-PB" Name="lab_5_top_level_students_drc_routed.pb"/>
  <File Type="ROUTE-PWR-RPX" Name="lab_5_top_level_students_power_routed.rpx"/>
  <File Type="ROUTE-STATUS" Name="lab_5_top_level_students_route_status.rpt"/>
  <File Type="ROUTE-STATUS-PB" Name="lab_5_top_level_students_route_status.pb"/>
  <File Type="ROUTE-DCP" Name="lab_5_top_level_students_routed.dcp"/>
  <File Type="ROUTE-ERROR-DCP" Name="lab_5_top_level_students_routed_error.dcp"/>
  <File Type="ROUTE-BLACKBOX-DCP" Name="lab_5_top_level_students_routed_bb.dcp"/>
  <File Type="ROUTE-TIMINGSUMMARY" Name="lab_5_top_level_students_timing_summary_routed.rpt"/>
  <File Type="ROUTE-TIMING-PB" Name="lab_5_top_level_students_timing_summary_routed.pb"/>
  <File Type="ROUTE-TIMING-RPX" Name="lab_5_top_level_students_timing_summary_routed.rpx"/>
  <File Type="ROUTE-SIMILARITY" Name="lab_5_top_level_students_incremental_reuse_routed.rpt"/>
  <File Type="ROUTE-BUS-SKEW" Name="lab_5_top_level_students_bus_skew_routed.rpt"/>
  <File Type="ROUTE-BUS-SKEW-PB" Name="lab_5_top_level_students_bus_skew_routed.pb"/>
  <File Type="ROUTE-BUS-SKEW-RPX" Name="lab_5_top_level_students_bus_skew_routed.rpx"/>
  <File Type="OPT-DCP" Name="lab_5_top_level_students_opt.dcp"/>
  <File Type="PLACE-DCP" Name="lab_5_top_level_students_placed.dcp"/>
  <File Type="PWROPT-DCP" Name="lab_5_top_level_students_pwropt.dcp"/>
  <File Type="POSTPLACE-PWROPT-DCP" Name="lab_5_top_level_students_postplace_pwropt.dcp"/>
  <File Type="PHYSOPT-DCP" Name="lab_5_top_level_students_physopt.dcp"/>
  <File Type="POSTROUTE-PHYSOPT-DCP" Name="lab_5_top_level_students_postroute_physopt.dcp"/>
  <File Type="POSTROUTE-PHYSOPT-BLACKBOX-DCP" Name="lab_5_top_level_students_postroute_physopt_bb.dcp"/>
  <File Type="POSTROUTE-PHYSOPT-TIMING" Name="lab_5_top_level_students_timing_summary_postroute_physopted.rpt"/>
  <File Type="POSTROUTE-PHYSOPT-TIMING-PB" Name="lab_5_top_level_students_timing_summary_postroute_physopted.pb"/>
  <File Type="POSTROUTE-PHYSOPT-TIMING-RPX" Name="lab_5_top_level_students_timing_summary_postroute_physopted.rpx"/>
  <File Type="POSTROUTE-PHYSOPT-BUS-SKEW" Name="lab_5_top_level_students_bus_skew_postroute_physopted.rpt"/>
  <File Type="POSTROUTE-PHYSOPT-BUS-SKEW-RPX" Name="lab_5_top_level_students_bus_skew_postroute_physopted.rpx"/>
  <File Type="ROUTE-DRC-RPX" Name="lab_5_top_level_students_drc_routed.rpx"/>
  <File Type="ROUTE-METHODOLOGY-DRC-RPX" Name="lab_5_top_level_students_methodology_drc_routed.rpx"/>
  <File Type="PDI-FILE" Name="lab_5_top_level_students.pdi"/>
  <File Type="PL-PDI-FILE" Name="lab_5_top_level_students_pld.pdi"/>
  <File Type="RCFI_FILE" Name="lab_5_top_level_students.rcfi"/>
  <File Type="CFI_FILE" Name="lab_5_top_level_students.cfi"/>
  <File Type="RNPI_FILE" Name="lab_5_top_level_students.rnpi"/>
  <File Type="ROUTE-RQS" Name="lab_5_top_level_students_routed.rqs"/>
  <File Type="POSTROUTE-PHYSOPT-RQS" Name="lab_5_top_level_students_postroute_physopted.rqs"/>
  <File Type="ROUTE-RQS-RPT" Name="route_report_qor_suggestions_0.rpt"/>
  <File Type="POSTROUTE-PHYSOPT-RQS-RPT" Name="postroute_physopt_report_qor_suggestions_0.rpt"/>
  <FileSet Name="sources" Type="DesignSrcs" RelSrcDir="$PSRCDIR/sources_1" RelGenDir="$PGENDIR/sources_1">
    <Filter Type="Srcs"/>
    <File Path="$PSRCDIR/sources_1/new/adc_subsystem.sv">
      <FileInfo>
        <Attr Name="UsedIn" Val="synthesis"/>
        <Attr Name="UsedIn" Val="implementation"/>
        <Attr Name="UsedIn" Val="simulation"/>
      </FileInfo>
    </File>
    <File Path="$PSRCDIR/sources_1/imports/Lab5/averager.sv">
      <FileInfo>
        <Attr Name="ImportPath" Val="$PPRDIR/../OneDrive/Desktop/ENEL 453/Lab5/averager.sv"/>
        <Attr Name="ImportTime" Val="1729190970"/>
        <Attr Name="UsedIn" Val="synthesis"/>
        <Attr Name="UsedIn" Val="implementation"/>
        <Attr Name="UsedIn" Val="simulation"/>
      </FileInfo>
    </File>
    <File Path="$PSRCDIR/sources_1/imports/Lab5/bin_to_bcd.sv">
      <FileInfo>
        <Attr Name="ImportPath" Val="$PPRDIR/../OneDrive/Desktop/ENEL 453/Lab5/bin_to_bcd.sv"/>
        <Attr Name="ImportTime" Val="1729190974"/>
        <Attr Name="UsedIn" Val="synthesis"/>
        <Attr Name="UsedIn" Val="implementation"/>
        <Attr Name="UsedIn" Val="simulation"/>
      </FileInfo>
    </File>
    <File Path="$PSRCDIR/sources_1/imports/Lab5/digit_multiplexor.sv">
      <FileInfo>
        <Attr Name="ImportPath" Val="$PPRDIR/../OneDrive/Desktop/ENEL 453/Lab5/digit_multiplexor.sv"/>
        <Attr Name="ImportTime" Val="1729190976"/>
        <Attr Name="UsedIn" Val="synthesis"/>
        <Attr Name="UsedIn" Val="implementation"/>
        <Attr Name="UsedIn" Val="simulation"/>
      </FileInfo>
    </File>
    <File Path="$PSRCDIR/sources_1/new/downcounter.sv">
      <FileInfo>
        <Attr Name="UsedIn" Val="synthesis"/>
        <Attr Name="UsedIn" Val="implementation"/>
        <Attr Name="UsedIn" Val="simulation"/>
      </FileInfo>
    </File>
    <File Path="$PSRCDIR/sources_1/imports/Lab5/mux4_16_bits.sv">
      <FileInfo>
        <Attr Name="ImportPath" Val="$PPRDIR/../OneDrive/Desktop/ENEL 453/Lab5/mux4_16_bits.sv"/>
        <Attr Name="ImportTime" Val="1729190980"/>
        <Attr Name="UsedIn" Val="synthesis"/>
        <Attr Name="UsedIn" Val="implementation"/>
        <Attr Name="UsedIn" Val="simulation"/>
      </FileInfo>
    </File>
    <File Path="$PSRCDIR/sources_1/new/mux_2inputs.sv">
      <FileInfo>
        <Attr Name="UsedIn" Val="synthesis"/>
        <Attr Name="UsedIn" Val="implementation"/>
        <Attr Name="UsedIn" Val="simulation"/>
      </FileInfo>
    </File>
    <File Path="$PSRCDIR/sources_1/new/output_mode_fsm.sv">
      <FileInfo>
        <Attr Name="UsedIn" Val="synthesis"/>
        <Attr Name="UsedIn" Val="implementation"/>
        <Attr Name="UsedIn" Val="simulation"/>
      </FileInfo>
    </File>
    <File Path="$PSRCDIR/sources_1/new/pwm.sv">
      <FileInfo>
        <Attr Name="UsedIn" Val="synthesis"/>
        <Attr Name="UsedIn" Val="implementation"/>
        <Attr Name="UsedIn" Val="simulation"/>
      </FileInfo>
    </File>
    <File Path="$PSRCDIR/sources_1/new/pwm_subsystem.sv">
      <FileInfo>
        <Attr Name="UsedIn" Val="synthesis"/>
        <Attr Name="UsedIn" Val="implementation"/>
        <Attr Name="UsedIn" Val="simulation"/>
      </FileInfo>
    </File>
    <File Path="$PSRCDIR/sources_1/new/sawtooth_generator.sv">
      <FileInfo>
        <Attr Name="UsedIn" Val="synthesis"/>
        <Attr Name="UsedIn" Val="implementation"/>
        <Attr Name="UsedIn" Val="simulation"/>
      </FileInfo>
    </File>
    <File Path="$PSRCDIR/sources_1/imports/Lab5/seven_segment_decoder.sv">
      <FileInfo>
        <Attr Name="ImportPath" Val="$PPRDIR/../OneDrive/Desktop/ENEL 453/Lab5/seven_segment_decoder.sv"/>
        <Attr Name="ImportTime" Val="1729190983"/>
        <Attr Name="UsedIn" Val="synthesis"/>
        <Attr Name="UsedIn" Val="implementation"/>
        <Attr Name="UsedIn" Val="simulation"/>
      </FileInfo>
    </File>
    <File Path="$PSRCDIR/sources_1/imports/Lab5/seven_segment_digit_selector.sv">
      <FileInfo>
        <Attr Name="ImportPath" Val="$PPRDIR/../OneDrive/Desktop/ENEL 453/Lab5/seven_segment_digit_selector.sv"/>
        <Attr Name="ImportTime" Val="1729190985"/>
        <Attr Name="UsedIn" Val="synthesis"/>
        <Attr Name="UsedIn" Val="implementation"/>
        <Attr Name="UsedIn" Val="simulation"/>
      </FileInfo>
    </File>
    <File Path="$PSRCDIR/sources_1/imports/Lab5/seven_segment_display_subsystem.sv">
      <FileInfo>
        <Attr Name="ImportPath" Val="$PPRDIR/../OneDrive/Desktop/ENEL 453/Lab5/seven_segment_display_subsystem.sv"/>
        <Attr Name="ImportTime" Val="1729190988"/>
        <Attr Name="UsedIn" Val="synthesis"/>
        <Attr Name="UsedIn" Val="implementation"/>
        <Attr Name="UsedIn" Val="simulation"/>
      </FileInfo>
    </File>
    <File Path="$PSRCDIR/sources_1/imports/Lab5/lab_5_top_level_students.sv">
      <FileInfo>
        <Attr Name="ImportPath" Val="$PPRDIR/../OneDrive/Desktop/ENEL 453/Lab5/lab_5_top_level_students.sv"/>
        <Attr Name="ImportTime" Val="1729278316"/>
        <Attr Name="UsedIn" Val="synthesis"/>
        <Attr Name="UsedIn" Val="implementation"/>
        <Attr Name="UsedIn" Val="simulation"/>
      </FileInfo>
    </File>
    <File Path="$PSRCDIR/sources_1/new/pwm_averager.sv">
      <FileInfo>
        <Attr Name="AutoDisabled" Val="1"/>
        <Attr Name="UsedIn" Val="synthesis"/>
        <Attr Name="UsedIn" Val="implementation"/>
        <Attr Name="UsedIn" Val="simulation"/>
      </FileInfo>
    </File>
    <File Path="$PSRCDIR/sources_1/new/sar_adc.sv">
      <FileInfo>
        <Attr Name="AutoDisabled" Val="1"/>
        <Attr Name="UsedIn" Val="synthesis"/>
        <Attr Name="UsedIn" Val="implementation"/>
        <Attr Name="UsedIn" Val="simulation"/>
      </FileInfo>
    </File>
    <File Path="$PSRCDIR/sources_1/new/r2r_subsystem.sv">
      <FileInfo>
        <Attr Name="AutoDisabled" Val="1"/>
        <Attr Name="UsedIn" Val="synthesis"/>
        <Attr Name="UsedIn" Val="implementation"/>
        <Attr Name="UsedIn" Val="simulation"/>
      </FileInfo>
    </File>
    <Config>
      <Option Name="DesignMode" Val="RTL"/>
      <Option Name="TopModule" Val="lab_5_top_level_students"/>
    </Config>
  </FileSet>
  <FileSet Name="constrs_in" Type="Constrs" RelSrcDir="$PSRCDIR/constrs_1" RelGenDir="$PGENDIR/constrs_1">
    <Filter Type="Constrs"/>
    <File Path="$PSRCDIR/constrs_1/imports/Lab5/Basys3_Lab_5.xdc">
      <FileInfo>
        <Attr Name="ImportPath" Val="$PPRDIR/../OneDrive/Desktop/ENEL 453/Lab5/Basys3_Lab_5.xdc"/>
        <Attr Name="ImportTime" Val="1729191970"/>
        <Attr Name="UsedIn" Val="synthesis"/>
        <Attr Name="UsedIn" Val="implementation"/>
      </FileInfo>
    </File>
    <Config>
      <Option Name="ConstrsType" Val="XDC"/>
    </Config>
  </FileSet>
  <FileSet Name="utils" Type="Utils" RelSrcDir="$PSRCDIR/utils_1" RelGenDir="$PGENDIR/utils_1">
    <Filter Type="Utils"/>
    <File Path="$PSRCDIR/utils_1/imports/synth_1/lab_5_top_level_students.dcp">
      <FileInfo>
        <Attr Name="UsedIn" Val="synthesis"/>
        <Attr Name="UsedIn" Val="implementation"/>
        <Attr Name="UsedInSteps" Val="synth_1"/>
        <Attr Name="AutoDcp" Val="1"/>
      </FileInfo>
    </File>
    <Config>
      <Option Name="TopAutoSet" Val="TRUE"/>
    </Config>
  </FileSet>
  <Strategy Version="1" Minor="2">
    <StratHandle Name="Congestion_SSI_SpreadLogic_high" Flow="Vivado Implementation 2024"/>
    <Step Id="init_design"/>
    <Step Id="opt_design"/>
    <Step Id="power_opt_design"/>
    <Step Id="place_design">
      <Option Id="Directive">9</Option>
    </Step>
    <Step Id="post_place_power_opt_design"/>
    <Step Id="phys_opt_design">
      <Option Id="Directive">2</Option>
    </Step>
    <Step Id="route_design">
      <Option Id="Directive">7</Option>
    </Step>
    <Step Id="post_route_phys_opt_design"/>
    <Step Id="write_bitstream"/>
    <Step Id="write_device_image"/>
  </Strategy>
  <BlockFileSet Type="BlockSrcs" Name="xadc_wiz_0"/>
</GenRun>
