<?xml version="1.0" encoding="UTF-8"?>
<GenRun Id="impl_1" LaunchPart="xc7a35tcpg236-1" LaunchTime="1728063946">
  <File Type="ROUTE-PWR" Name="dec_hex_mux_power_routed.rpt"/>
  <File Type="PA-TCL" Name="dec_hex_mux.tcl"/>
  <File Type="ROUTE-PWR-SUM" Name="dec_hex_mux_power_summary_routed.pb"/>
  <File Type="REPORTS-TCL" Name="dec_hex_mux_reports.tcl"/>
  <File Type="BITSTR-MSK" Name="dec_hex_mux.msk"/>
  <File Type="ROUTE-CLK" Name="dec_hex_mux_clock_utilization_routed.rpt"/>
  <File Type="RDI-RDI" Name="dec_hex_mux.vdi"/>
  <File Type="POSTROUTE-PHYSOPT-BUS-SKEW-PB" Name="dec_hex_mux_bus_skew_postroute_physopted.pb"/>
  <File Type="BG-BIT" Name="dec_hex_mux.bit"/>
  <File Type="BG-DRC" Name="dec_hex_mux.drc"/>
  <File Type="BG-BGN" Name="dec_hex_mux.bgn"/>
  <File Type="BG-BIN" Name="dec_hex_mux.bin"/>
  <File Type="BITSTR-RBT" Name="dec_hex_mux.rbt"/>
  <File Type="BITSTR-NKY" Name="dec_hex_mux.nky"/>
  <File Type="BITSTR-BMM" Name="dec_hex_mux_bd.bmm"/>
  <File Type="BITSTR-MMI" Name="dec_hex_mux.mmi"/>
  <File Type="ROUTE-METHODOLOGY-DRC" Name="dec_hex_mux_methodology_drc_routed.rpt"/>
  <File Type="BITSTR-SYSDEF" Name="dec_hex_mux.sysdef"/>
  <File Type="BITSTR-LTX" Name="debug_nets.ltx"/>
  <File Type="BITSTR-LTX" Name="dec_hex_mux.ltx"/>
  <File Type="WBT-USG" Name="usage_statistics_webtalk.html"/>
  <File Type="OPT-DRC" Name="dec_hex_mux_drc_opted.rpt"/>
  <File Type="OPT-HWDEF" Name="dec_hex_mux.hwdef"/>
  <File Type="PLACE-IO" Name="dec_hex_mux_io_placed.rpt"/>
  <File Type="PLACE-UTIL" Name="dec_hex_mux_utilization_placed.rpt"/>
  <File Type="PLACE-UTIL-PB" Name="dec_hex_mux_utilization_placed.pb"/>
  <File Type="PLACE-CTRL" Name="dec_hex_mux_control_sets_placed.rpt"/>
  <File Type="PLACE-PRE-SIMILARITY" Name="dec_hex_mux_incremental_reuse_pre_placed.rpt"/>
  <File Type="ROUTE-DRC" Name="dec_hex_mux_drc_routed.rpt"/>
  <File Type="ROUTE-DRC-PB" Name="dec_hex_mux_drc_routed.pb"/>
  <File Type="ROUTE-PWR-RPX" Name="dec_hex_mux_power_routed.rpx"/>
  <File Type="ROUTE-STATUS" Name="dec_hex_mux_route_status.rpt"/>
  <File Type="ROUTE-STATUS-PB" Name="dec_hex_mux_route_status.pb"/>
  <File Type="ROUTE-DCP" Name="dec_hex_mux_routed.dcp"/>
  <File Type="ROUTE-ERROR-DCP" Name="dec_hex_mux_routed_error.dcp"/>
  <File Type="ROUTE-BLACKBOX-DCP" Name="dec_hex_mux_routed_bb.dcp"/>
  <File Type="ROUTE-TIMINGSUMMARY" Name="dec_hex_mux_timing_summary_routed.rpt"/>
  <File Type="ROUTE-TIMING-PB" Name="dec_hex_mux_timing_summary_routed.pb"/>
  <File Type="ROUTE-TIMING-RPX" Name="dec_hex_mux_timing_summary_routed.rpx"/>
  <File Type="ROUTE-SIMILARITY" Name="dec_hex_mux_incremental_reuse_routed.rpt"/>
  <File Type="ROUTE-BUS-SKEW" Name="dec_hex_mux_bus_skew_routed.rpt"/>
  <File Type="ROUTE-BUS-SKEW-PB" Name="dec_hex_mux_bus_skew_routed.pb"/>
  <File Type="ROUTE-BUS-SKEW-RPX" Name="dec_hex_mux_bus_skew_routed.rpx"/>
  <File Type="OPT-DCP" Name="dec_hex_mux_opt.dcp"/>
  <File Type="PLACE-DCP" Name="dec_hex_mux_placed.dcp"/>
  <File Type="PWROPT-DCP" Name="dec_hex_mux_pwropt.dcp"/>
  <File Type="POSTPLACE-PWROPT-DCP" Name="dec_hex_mux_postplace_pwropt.dcp"/>
  <File Type="PHYSOPT-DCP" Name="dec_hex_mux_physopt.dcp"/>
  <File Type="POSTROUTE-PHYSOPT-DCP" Name="dec_hex_mux_postroute_physopt.dcp"/>
  <File Type="POSTROUTE-PHYSOPT-BLACKBOX-DCP" Name="dec_hex_mux_postroute_physopt_bb.dcp"/>
  <File Type="POSTROUTE-PHYSOPT-TIMING" Name="dec_hex_mux_timing_summary_postroute_physopted.rpt"/>
  <File Type="POSTROUTE-PHYSOPT-TIMING-PB" Name="dec_hex_mux_timing_summary_postroute_physopted.pb"/>
  <File Type="POSTROUTE-PHYSOPT-TIMING-RPX" Name="dec_hex_mux_timing_summary_postroute_physopted.rpx"/>
  <File Type="POSTROUTE-PHYSOPT-BUS-SKEW" Name="dec_hex_mux_bus_skew_postroute_physopted.rpt"/>
  <File Type="POSTROUTE-PHYSOPT-BUS-SKEW-RPX" Name="dec_hex_mux_bus_skew_postroute_physopted.rpx"/>
  <File Type="ROUTE-METHODOLOGY-DRC-PB" Name="dec_hex_mux_methodology_drc_routed.pb"/>
  <File Type="ROUTE-DRC-RPX" Name="dec_hex_mux_drc_routed.rpx"/>
  <File Type="ROUTE-METHODOLOGY-DRC-RPX" Name="dec_hex_mux_methodology_drc_routed.rpx"/>
  <File Type="PDI-FILE" Name="dec_hex_mux.pdi"/>
  <File Type="BOOT-PDI-FILE" Name="dec_hex_mux_boot.pdi"/>
  <File Type="PL-PDI-FILE" Name="dec_hex_mux_pld.pdi"/>
  <File Type="RCFI_FILE" Name="dec_hex_mux.rcfi"/>
  <File Type="CFI_FILE" Name="dec_hex_mux.cfi"/>
  <File Type="RNPI_FILE" Name="dec_hex_mux.rnpi"/>
  <File Type="NPI_FILE" Name="dec_hex_mux.npi"/>
  <File Type="RBD_FILE" Name="dec_hex_mux.rbd"/>
  <File Type="ROUTE-RQS" Name="dec_hex_mux_routed.rqs"/>
  <File Type="POSTROUTE-PHYSOPT-RQS" Name="dec_hex_mux_postroute_physopted.rqs"/>
  <File Type="ROUTE-RQS-RPT" Name="route_report_qor_suggestions_0.rpt"/>
  <File Type="POSTROUTE-PHYSOPT-RQS-RPT" Name="postroute_physopt_report_qor_suggestions_0.rpt"/>
  <FileSet Name="sources" Type="DesignSrcs" RelSrcDir="$PSRCDIR/sources_1" RelGenDir="$PGENDIR/sources_1">
    <Filter Type="Srcs"/>
    <File Path="$PSRCDIR/sources_1/new/dec_hex_mux.sv">
      <FileInfo>
        <Attr Name="UsedIn" Val="synthesis"/>
        <Attr Name="UsedIn" Val="implementation"/>
        <Attr Name="UsedIn" Val="simulation"/>
      </FileInfo>
    </File>
    <File Path="$PPRDIR/../../Lab2/bin_to_bcd.sv">
      <FileInfo>
        <Attr Name="AutoDisabled" Val="1"/>
        <Attr Name="UsedIn" Val="synthesis"/>
        <Attr Name="UsedIn" Val="implementation"/>
        <Attr Name="UsedIn" Val="simulation"/>
      </FileInfo>
    </File>
    <File Path="$PPRDIR/../../Lab2/digit_multiplexor.sv">
      <FileInfo>
        <Attr Name="AutoDisabled" Val="1"/>
        <Attr Name="UsedIn" Val="synthesis"/>
        <Attr Name="UsedIn" Val="implementation"/>
        <Attr Name="UsedIn" Val="simulation"/>
      </FileInfo>
    </File>
    <File Path="$PPRDIR/../../Lab2/seven_segment_decoder.sv">
      <FileInfo>
        <Attr Name="AutoDisabled" Val="1"/>
        <Attr Name="UsedIn" Val="synthesis"/>
        <Attr Name="UsedIn" Val="implementation"/>
        <Attr Name="UsedIn" Val="simulation"/>
      </FileInfo>
    </File>
    <File Path="$PPRDIR/../../Lab2/seven_segment_digit_selector.sv">
      <FileInfo>
        <Attr Name="AutoDisabled" Val="1"/>
        <Attr Name="UsedIn" Val="synthesis"/>
        <Attr Name="UsedIn" Val="implementation"/>
        <Attr Name="UsedIn" Val="simulation"/>
      </FileInfo>
    </File>
    <File Path="$PPRDIR/../../Lab2/seven_segment_display_subsystem.sv">
      <FileInfo>
        <Attr Name="AutoDisabled" Val="1"/>
        <Attr Name="UsedIn" Val="synthesis"/>
        <Attr Name="UsedIn" Val="implementation"/>
        <Attr Name="UsedIn" Val="simulation"/>
      </FileInfo>
    </File>
    <File Path="$PPRDIR/../../Lab2/switch_logic.sv">
      <FileInfo>
        <Attr Name="AutoDisabled" Val="1"/>
        <Attr Name="UsedIn" Val="synthesis"/>
        <Attr Name="UsedIn" Val="implementation"/>
        <Attr Name="UsedIn" Val="simulation"/>
      </FileInfo>
    </File>
    <File Path="$PPRDIR/../../Lab2/lab_2_top_level.sv">
      <FileInfo>
        <Attr Name="AutoDisabled" Val="1"/>
        <Attr Name="UsedIn" Val="synthesis"/>
        <Attr Name="UsedIn" Val="implementation"/>
        <Attr Name="UsedIn" Val="simulation"/>
      </FileInfo>
    </File>
    <Config>
      <Option Name="DesignMode" Val="RTL"/>
      <Option Name="TopModule" Val="dec_hex_mux"/>
    </Config>
  </FileSet>
  <FileSet Name="constrs_in" Type="Constrs" RelSrcDir="$PSRCDIR/constrs_1" RelGenDir="$PGENDIR/constrs_1">
    <Filter Type="Constrs"/>
    <File Path="$PPRDIR/../../Lab2/Basys_lab_2.xdc">
      <FileInfo>
        <Attr Name="UsedIn" Val="synthesis"/>
        <Attr Name="UsedIn" Val="implementation"/>
      </FileInfo>
    </File>
    <Config>
      <Option Name="ConstrsType" Val="XDC"/>
    </Config>
  </FileSet>
  <FileSet Name="utils" Type="Utils" RelSrcDir="$PSRCDIR/utils_1" RelGenDir="$PGENDIR/utils_1">
    <Filter Type="Utils"/>
    <File Path="$PSRCDIR/utils_1/imports/synth_1/lab_2_top_level.dcp">
      <FileInfo>
        <Attr Name="UsedIn" Val="synthesis"/>
        <Attr Name="UsedIn" Val="implementation"/>
        <Attr Name="UsedInSteps" Val="synth_1"/>
        <Attr Name="AutoDcp" Val="1"/>
      </FileInfo>
    </File>
    <Config>
      <Option Name="TopAutoSet" Val="TRUE"/>
    </Config>
  </FileSet>
  <Strategy Version="1" Minor="2">
    <StratHandle Name="Vivado Implementation Defaults" Flow="Vivado Implementation 2024"/>
    <Step Id="init_design"/>
    <Step Id="opt_design"/>
    <Step Id="power_opt_design"/>
    <Step Id="place_design"/>
    <Step Id="post_place_power_opt_design"/>
    <Step Id="phys_opt_design"/>
    <Step Id="route_design"/>
    <Step Id="post_route_phys_opt_design"/>
    <Step Id="write_bitstream"/>
  </Strategy>
</GenRun>
